{"anger": 0.15000000000000002, "emptiness": 0.6000000000000002, "hopelessness": 0.15000000000000002, "loneliness": 0.30000000000000004, "sadness": 0.15000000000000002, "suicide intent": 0.7500000000000002, "worthlessness": 0.40000000000000013}